,NAME,Income Diversity Index,Median Household Income,Median Household Value,state,county,tract,Tracts,Number of Hotels,Bus Stops,Point of Interests,Airbnb penetration,Population Density,Race Diversity Index,Bohemian Index,Talent Index,Proportion of Young People,Unemployment Ratio,Poverty by Income Percentage,Proportion of Owner Occupied Residences
0,Census Tract 402,0.4117,70543.0,258600.0,25,011,040200,Census Tract 402,0.0,2.0,4.0,2.0,12108.697518782128,0.47786728221072344,3.626136380756464,0.30212093862815886,0.1523014440433213,0.0273014440433213,0.06929347826086957,0.9144981412639405
2,Census Tract 403,0.4223,75900.0,244300.0,25,011,040300,Census Tract 403,0.0,14.0,4.0,9.0,9529.29026884689,0.48699900957411685,0.8151084730636246,0.3242515977127481,0.12512613521695257,0.025563403969054828,0.041383989145183174,0.8606060606060606
6,Census Tract 1.01,0.326,118031.0,483800.0,25,025,000101,Census Tract 1.01,0.0,6.0,4.0,16.0,14496.057390571472,0.4271944552068535,9.954013366391683,0.5558838010832102,0.5888724766125062,0.0413589364844904,0.11435768261964735,1.0
7,Census Tract 1.02,0.3992,102768.0,599100.0,25,025,000102,Census Tract 1.02,2.0,54.0,77.0,26.0,14083.25145526149,0.37831482414588485,1.4910340632505932,0.4115161119915478,0.502905441098785,0.012678288431061807,0.23666138404648707,0.9283707865168539
8,Census Tract 2.01,0.3512,108098.0,637600.0,25,025,000201,Census Tract 2.01,0.0,38.0,7.0,20.0,9108.385312247245,0.4066671498890811,7.002904691558812,0.5100655960190003,0.4711603709567971,0.03325039583804569,0.15246941549614862,0.9799131378935939
9,Census Tract 2.02,0.4088,81371.0,757200.0,25,025,000202,Census Tract 2.02,0.0,16.0,20.0,8.0,1425.4422544695788,0.43705633136452526,5.647662756176213,0.3252925722474325,0.3940769047050394,0.02531645569620253,0.1690948172916169,0.9868766404199475
10,Census Tract 3.01,0.2763,121585.0,630400.0,25,025,000301,Census Tract 3.01,0.0,14.0,3.0,16.0,6018.124650098433,0.41412469782467676,7.455952124839162,0.481353591160221,0.5953038674033149,0.006215469613259668,0.03922274199352285,0.9372453137734311
11,Census Tract 3.02,0.3414,103696.0,524300.0,25,025,000302,Census Tract 3.02,0.0,8.0,18.0,10.0,9613.47760780839,0.39338595855118275,1.3188052036853384,0.5542658154381892,0.4599535693557748,0.033372025536854324,0.04730121880441091,0.9439775910364145
12,Census Tract 4.01,0.4734,66457.0,626400.0,25,025,000401,Census Tract 4.01,0.0,14.0,9.0,20.0,3388.1716635929756,0.4155524117855102,12.827440207755478,0.5837095900307026,0.5573415206790681,0.02799349828426946,0.23631750634287785,0.9401315789473684
13,Census Tract 4.02,0.5111,98715.0,761100.0,25,025,000402,Census Tract 4.02,0.0,20.0,26.0,36.0,9183.138312722289,0.4235939380676223,16.57055883654954,0.566373840897999,0.49487554904831627,0.02659834065397755,0.12047892242454478,0.9402887139107612
14,Census Tract 5.02,0.4889,70000.0,581500.0,25,025,000502,Census Tract 5.02,1.0,10.0,38.0,13.0,20306.242530447857,0.4229543470972632,2.564822236026334,0.33592760180995473,0.6340271493212669,0.021176470588235293,0.22039030955585465,0.9267734553775744
15,Census Tract 5.03,0.3406,77857.0,400000.0,25,025,000503,Census Tract 5.03,0.0,2.0,2.0,23.0,7762.527596053627,0.41792596863449555,4.34116876868071,0.6251768033946252,0.628005657708628,0.021216407355021217,0.13219512195121952,0.9045383411580594
16,Census Tract 5.05,0.4646,56094.0,476600.0,25,025,000505,Census Tract 5.05,0.0,6.0,2.0,0.0,3882.333850541736,0.3622361575750646,3.563249540027261,0.5038593481989708,0.4841337907375643,0.05060034305317324,0.2141280353200883,0.9146877748460862
17,Census Tract 5.06,0.433,71458.0,451000.0,25,025,000506,Census Tract 5.06,2.0,0.0,26.0,17.0,6972.992368583928,0.4249340201841342,2.630392912660242,0.6005070626584571,0.6323795726186164,0.022093444404201378,0.25316914161535675,0.9924914675767919
18,Census Tract 6.01,0.3709,111094.0,464000.0,25,025,000601,Census Tract 6.01,0.0,42.0,25.0,12.0,32454.003999988978,0.40454718274151497,5.374578159557961,0.5214770158251696,0.5267520723436323,0.013564431047475508,0.10551741673023138,0.9592696629213483
21,Census Tract 7.01,0.3945,80208.0,485200.0,25,025,000701,Census Tract 7.01,0.0,0.0,18.0,11.0,32502.504541576487,0.39628486695218673,7.850128188323364,0.6512540894220283,0.779062159214831,0.08331515812431843,0.16556728232189974,0.952863436123348
23,Census Tract 7.04,0.4301,63874.0,423800.0,25,025,000704,Census Tract 7.04,0.0,6.0,126.0,18.0,26472.538178158116,0.3739091336677308,5.053623749142631,0.5819059107358263,0.7833534378769602,0.00916767189384801,0.2552472858866104,0.9416896235078053
24,Census Tract 8.04,0.4176,96935.0,572100.0,25,025,000804,Census Tract 8.04,0.0,22.0,95.0,36.0,20857.31816072557,0.37219660405706784,5.504340724640877,0.3706293706293706,0.44002151694459385,0.006724045185583647,0.12183969876277569,0.9468822170900693
28,Census Tract 101.03,0.6893,33227.0,345500.0,25,025,010103,Census Tract 101.03,0.0,18.0,51.0,9.0,26044.57631372524,0.38536106463798714,4.000984095982991,0.11321791701016763,0.4517724649629019,0.08958505083814235,0.3482758620689655,0.8477366255144033
29,Census Tract 101.04,0.5814,59795.0,775800.0,25,025,010104,Census Tract 101.04,5.0,8.0,63.0,39.0,10236.279607450635,0.40126255248073034,11.484853889344064,0.37020091505868313,0.5008951661030435,0.048537895365028845,0.2666182346531057,0.9068157614483493
30,Census Tract 102.04,0.5523,42841.0,372400.0,25,025,010204,Census Tract 102.04,2.0,20.0,56.0,34.0,2596.2269156940242,0.40098280102143874,11.624228278863443,0.2960684675046804,0.573415351698315,0.06820005349023803,0.3418580375782881,0.8855678906917165
32,Census Tract 103,0.4159,56875.0,406300.0,25,025,010300,Census Tract 103,0.0,28.0,31.0,2.0,3171.146183835006,0.4076710726188816,3.4010458164724224,0.07089210478109544,0.4689503572082799,0.06539659278256091,0.2340966921119593,0.9633699633699634
34,Census Tract 104.04,0.6022,26023.0,571400.0,25,025,010404,Census Tract 104.04,0.0,4.0,61.0,8.0,42953.496797637206,0.3781866101738684,11.750506344785915,0.14749554543654722,0.4589190259354583,0.09918827954860424,0.5008163265306123,0.8059100067159167
35,Census Tract 104.05,0.5476,18481.0,546900.0,25,025,010405,Census Tract 104.05,0.0,24.0,100.0,7.0,20632.044901582874,0.39273483169348083,9.7373551300963,0.06775024139040875,0.46572256195687156,0.12825877051818474,0.41587802313354366,0.891260162601626
36,Census Tract 104.08,0.4192,64714.0,531300.0,25,025,010408,Census Tract 104.08,0.0,0.0,0.0,3.0,12976.098149970048,0.38674317407864917,5.614817457012654,0.6122594440484675,0.7327156094084105,0.01496792587312901,0.25374198146828225,0.9173098125689085
37,Census Tract 105,0.5449,47304.0,1017400.0,25,025,010500,Census Tract 105,3.0,10.0,159.0,55.0,79794.37364741247,0.41948022693779063,9.523152629514371,0.4976851851851852,0.5089699074074074,0.05381944444444445,0.2689561373682421,0.8437801350048216
39,Census Tract 106,0.6133,95543.0,1558300.0,25,025,010600,Census Tract 106,20.0,18.0,259.0,60.0,11899.286032775031,0.3904678151105829,0.0,0.7548443922489724,0.37815619495008806,0.004697592483852026,0.14298297122724604,0.7671525062211162
41,Census Tract 107.01,0.5854,116267.0,1118300.0,25,025,010701,Census Tract 107.01,2.0,4.0,376.0,49.0,2224.9513346475806,0.41538005230044556,10.514925048208474,0.6935771632471008,0.49018733273862625,0.0191793041926851,0.07288935500786575,0.8053097345132744
42,Census Tract 107.02,0.5386,155485.0,1335200.0,25,025,010702,Census Tract 107.02,4.0,8.0,454.0,20.0,7547.796459476328,0.4545411023015023,7.938665016760101,0.7476172321768967,0.36713686618375907,0.05375524208921083,0.044219066937119675,0.8379920136908158
43,Census Tract 108.01,0.5412,116507.0,1569400.0,25,025,010801,Census Tract 108.01,0.0,0.0,4.0,14.0,5183.062019231024,0.4385121524159918,8.078740934208893,0.6307067974298275,0.3831586066959757,0.02096719648292188,0.08429561200923788,0.8250128667009778
44,Census Tract 108.02,0.5248,146094.0,1126400.0,25,025,010802,Census Tract 108.02,0.0,2.0,9.0,30.0,26784.78962737541,0.45649525947566755,13.417942591048797,0.7512394284047827,0.46048410615339747,0.037328667249927096,0.058823529411764705,0.8872431915910177
45,Census Tract 201.01,0.5198,143529.0,1469600.0,25,025,020101,Census Tract 201.01,5.0,2.0,119.0,61.0,7247.919632983566,0.4749455926544091,7.933700127170346,0.7817832764505119,0.39761092150170646,0.016851535836177475,0.03038733147870747,0.8695652173913043
46,Census Tract 202,0.4654,103750.0,714600.0,25,025,020200,Census Tract 202,3.0,0.0,65.0,58.0,11351.585103584488,0.45493020432384756,10.435200134690124,0.7642563198118754,0.5825984714873603,0.009112286890064668,0.08171663727219283,0.8433141919606235
47,Census Tract 203.01,0.5276,95179.0,616200.0,25,025,020301,Census Tract 203.01,2.0,0.0,51.0,34.0,9783.063295677302,0.447307457430957,0.0,0.6626814688300597,0.49487617421007685,0.02391118701964133,0.13658977838082315,0.8615916955017301
48,Census Tract 203.02,0.4503,131071.0,1053600.0,25,025,020302,Census Tract 203.02,0.0,0.0,34.0,40.0,2034.9587154036053,0.45637611372672515,2.096891704625096,0.8345549738219895,0.5643979057591623,0.048167539267015703,0.04712041884816754,0.8552845528455284
50,Census Tract 203.05,0.4876,94643.0,645000.0,25,025,020305,Census Tract 203.05,1.0,6.0,88.0,66.0,19537.234192348766,0.39779015109472626,10.689062852271924,0.6097350230414746,0.2767857142857143,0.014112903225806451,0.08199581297976273,0.786950074147306
51,Census Tract 301,0.4081,101648.0,571600.0,25,025,030100,Census Tract 301,0.0,0.0,11.0,28.0,1169.286789908605,0.4927955026229183,3.121851406311458,0.5493083444890674,0.6992414100847836,0.0,0.16688978134761268,0.9202407825432656
52,Census Tract 302,0.3898,99550.0,626600.0,25,025,030200,Census Tract 302,0.0,2.0,22.0,5.0,1172.949506405564,0.4611884562888709,4.453851480341185,0.7672919109026963,0.746189917936694,0.017584994138335287,0.02637749120750293,0.8903225806451613
53,Census Tract 303.01,0.6049,111903.0,1092000.0,25,025,030301,Census Tract 303.01,3.0,16.0,61.0,10.0,2922.7776893109735,0.45714685682288275,10.943241540379026,0.801219512195122,0.17621951219512194,0.04207317073170732,0.05365853658536585,0.8543599257884972
54,Census Tract 303.02,0.4115,141841.0,607100.0,25,025,030302,Census Tract 303.02,17.0,30.0,278.0,47.0,1628.19026963325,0.38014332768406284,8.504060802090669,0.4665875840253064,0.4108343218663503,0.07591933570581258,0.1953125,0.6807367613200307
55,Census Tract 304,0.539,94886.0,837600.0,25,025,030400,Census Tract 304,0.0,4.0,122.0,27.0,9853.063670706662,0.46354650585330504,14.614847532003287,0.6863727454909819,0.49198396793587174,0.02530060120240481,0.0914212548015365,0.8649944669863519
56,Census Tract 305,0.5585,116078.0,830600.0,25,025,030500,Census Tract 305,2.0,6.0,44.0,24.0,5029.915602624742,0.4586475323024783,10.097134577685175,0.584703947368421,0.5217927631578947,0.009457236842105263,0.09003350083752094,0.8097238895558223
57,Census Tract 404.01,0.4793,101765.0,908800.0,25,025,040401,Census Tract 404.01,0.0,10.0,32.0,7.0,11832.098566318069,0.42807115374753874,0.7877019273026448,0.38992537313432835,0.1884328358208955,0.008706467661691543,0.08924129353233831,0.9808259587020649
58,Census Tract 408.01,0.6052,86386.0,739000.0,25,025,040801,Census Tract 408.01,1.0,6.0,35.0,10.0,26518.771082741958,0.40356129167668914,0.0,0.45494505494505494,0.2087912087912088,0.02791208791208791,0.2652697280427998,0.9363188167625308
59,Census Tract 501.01,0.5098,52883.0,505600.0,25,025,050101,Census Tract 501.01,0.0,16.0,4.0,11.0,15932.363901032846,0.5710644370002367,3.8563203703088575,0.17042787506770174,0.21917313594511645,0.04603719082866944,0.19895287958115182,0.9131293188548865
60,Census Tract 502,0.4381,65975.0,517100.0,25,025,050200,Census Tract 502,0.0,30.0,60.0,20.0,4495.955096446169,0.5604096930322694,1.465951968501295,0.22360469249911127,0.3258087451119801,0.028439388553146108,0.14824031283327407,0.9481675392670157
62,Census Tract 504,0.5168,66875.0,575900.0,25,025,050400,Census Tract 504,0.0,6.0,50.0,14.0,3643.2158967583387,0.5102421901224773,5.605552081671048,0.3076923076923077,0.34991638795986624,0.03971571906354515,0.10535117056856187,0.9731481481481481
63,Census Tract 505,0.3726,86750.0,376900.0,25,025,050500,Census Tract 505,1.0,4.0,28.0,4.0,14073.046341468875,0.5106675102238883,4.615440980288934,0.3517126148705096,0.3838763575605681,0.06725146198830409,0.09440267335004177,0.9155435759209344
64,Census Tract 506,0.3954,83319.0,505200.0,25,025,050600,Census Tract 506,0.0,6.0,85.0,7.0,1376.3830477248794,0.6320334356456122,5.119698043497656,0.23919753086419754,0.49691358024691357,0.005787037037037037,0.0528169014084507,0.9147025813692481
65,Census Tract 509.01,0.4104,73409.0,401900.0,25,025,050901,Census Tract 509.01,0.0,32.0,51.0,21.0,11954.698483462013,0.6568492242224572,0.8396451952842017,0.13696612665684832,0.3174836945087313,0.049442457395329265,0.16139978791092258,0.9286173633440514
66,Census Tract 510,0.5221,56696.0,526500.0,25,025,051000,Census Tract 510,2.0,30.0,13.0,10.0,30307.348751329508,0.49208932369019537,2.3540987952132055,0.22628478569977656,0.3392240503757871,0.028437944342880356,0.16270566727605118,0.946
67,Census Tract 511.01,0.4357,59755.0,592900.0,25,025,051101,Census Tract 511.01,0.0,52.0,44.0,36.0,6758.824556961147,0.5258560729514339,0.4453708006724578,0.15411997363216876,0.3085036255767963,0.08345418589321028,0.1676935440664345,0.9462707670554966
68,Census Tract 512,0.4321,85313.0,489600.0,25,025,051200,Census Tract 512,0.0,12.0,32.0,44.0,15906.152050110033,0.4577020097518602,11.987300390953207,0.40963476070528965,0.4464735516372796,0.028652392947103273,0.13444584382871536,0.910288582183187
69,Census Tract 601.01,0.4105,135197.0,799100.0,25,025,060101,Census Tract 601.01,0.0,24.0,4.0,7.0,14558.808273231612,0.48664263977899,2.3455888523710455,0.619343891402715,0.46153846153846156,0.03506787330316742,0.03756811012331517,0.8834254143646408
70,Census Tract 602,0.3903,137102.0,635500.0,25,025,060200,Census Tract 602,0.0,18.0,2.0,0.0,3363.853726890883,0.493673447420732,10.790865824309579,0.6250593260560038,0.5011865211200759,0.051257712387280496,0.03464641670621737,0.8816682832201745
71,Census Tract 603.01,0.3922,156579.0,686000.0,25,025,060301,Census Tract 603.01,0.0,10.0,9.0,3.0,1865.5502091941407,0.4867271694345296,4.8399428808543465,0.6319185902208985,0.5435591958302308,0.004964010920824026,0.06701414743112435,0.9748571428571429
72,Census Tract 604,0.3333,150784.0,675800.0,25,025,060400,Census Tract 604,0.0,30.0,6.0,26.0,20346.813485205832,0.48882416283254065,7.008089369558144,0.6528323051037577,0.5552439708356702,0.0042998691344176485,0.05515049541970462,0.9293606945540647
73,Census Tract 605.01,0.3551,137813.0,647000.0,25,025,060501,Census Tract 605.01,2.0,24.0,24.0,20.0,7453.638248123947,0.4434433455390913,5.494312821076768,0.6177623990772779,0.39354094579008075,0.004152249134948097,0.037600922722029986,0.9194444444444444
74,Census Tract 606.01,0.4392,157457.0,761500.0,25,025,060601,Census Tract 606.01,0.0,6.0,4.0,15.0,1688.2037079011623,0.39345811460708885,8.95823987735405,0.6826870562534134,0.4620425996723102,0.006553795740032769,0.08083014746040415,0.9568807339449541
77,Census Tract 606.04,0.4817,212083.0,870300.0,25,025,060604,Census Tract 606.04,4.0,22.0,115.0,8.0,874.2452852430748,0.41103771802265876,3.7864254666319406,0.8264925373134329,0.251865671641791,0.01927860696517413,0.02736318407960199,0.6968529222864484
79,Census Tract 608,0.3873,134739.0,667500.0,25,025,060800,Census Tract 608,0.0,34.0,10.0,28.0,8551.959260968595,0.42661007403531537,4.546313473275885,0.711972522080471,0.48822374877330715,0.044406280667320906,0.04418662058750926,0.8122699386503067
80,Census Tract 610,0.5832,59079.0,783300.0,25,025,061000,Census Tract 610,0.0,18.0,1.0,8.0,9414.211550801596,0.44047489097927,1.4185542433850178,0.3142059553349876,0.33095533498759305,0.03318858560794045,0.22673697270471463,0.8911138923654568
82,Census Tract 612.01,0.4305,99244.0,642900.0,25,025,061201,Census Tract 612.01,0.0,20.0,8.0,15.0,5131.706070574714,0.4769930557204726,9.315999791056964,0.6012768427161926,0.6430644225188624,0.05861868833430064,0.25,0.9389978213507625
84,Census Tract 612.03,0.2979,250001.0,867200.0,25,025,061203,Census Tract 612.03,1.0,20.0,34.0,19.0,3585.247493922187,0.4523439073855943,0.0,0.7553083923154702,0.39383215369059654,0.008088978766430738,0.06719160104986877,0.895017793594306
85,Census Tract 612.04,0.4436,141634.0,696200.0,25,025,061204,Census Tract 612.04,0.0,8.0,15.0,15.0,1053.74994848648,0.4560934430070959,14.94035339545381,0.7248441674087266,0.18521816562778273,0.008904719501335707,0.0,0.9056847545219638
86,Census Tract 701.02,0.5899,53281.0,1074300.0,25,025,070102,Census Tract 701.02,8.0,8.0,149.0,89.0,4982.502601985533,0.3806711689055098,1.4828019911277466,0.37151037938439513,0.26664280601288476,0.048317823908375086,0.3161094224924012,0.7527027027027027
88,Census Tract 701.04,0.6128,162333.0,1097600.0,25,025,070104,Census Tract 701.04,5.0,38.0,226.0,76.0,7107.374916760656,0.39122886975543264,7.060961862513079,0.6225045372050817,0.2971869328493648,0.03402903811252268,0.17468239564428312,0.8220946915351507
89,Census Tract 702.01,0.6411,39391.0,859400.0,25,025,070201,Census Tract 702.01,7.0,26.0,106.0,57.0,22347.765279822,0.37124705624058957,1.4823118086513407,0.22420262664165103,0.31081926203877425,0.04878048780487805,0.2665429808286951,0.8298429319371727
90,Census Tract 702.02,0.6658,29764.0,657400.0,25,025,070202,Census Tract 702.02,2.0,12.0,102.0,96.0,6669.55230971059,0.39765936451991163,0.0,0.3686611215454789,0.330829085055004,0.025757982291387174,0.3308437067773167,0.7262548262548263
91,Census Tract 703.01,0.5556,136157.0,992300.0,25,025,070301,Census Tract 703.01,4.0,6.0,56.0,43.0,2620.8992381854537,0.448484495516281,5.144029341576091,0.6493318887685084,0.3329721921271217,0.013001083423618635,0.11428571428571428,0.8991910392034848
92,Census Tract 703.02,0.594,158875.0,1215300.0,25,025,070302,Census Tract 703.02,4.0,8.0,72.0,66.0,5554.00770591481,0.42270421227539506,0.0,0.643588493417845,0.3100926377376889,0.010238907849829351,0.18235007313505608,0.9404186795491143
93,Census Tract 704.02,0.5914,50208.0,1133900.0,25,025,070402,Census Tract 704.02,1.0,20.0,59.0,20.0,3018.981662387144,0.35665430524508274,2.970143884724796,0.43242271746944644,0.4270309130122214,0.02228612508986341,0.30450849963045085,0.8738738738738738
94,Census Tract 705.01,0.4882,157222.0,1612700.0,25,025,070501,Census Tract 705.01,0.0,10.0,14.0,11.0,6189.242211260638,0.46257096550198956,7.002738039059073,0.7025210084033613,0.4392156862745098,0.03137254901960784,0.08347338935574229,0.8083560399636693
95,Census Tract 705.02,0.722,22485.0,983600.0,25,025,070502,Census Tract 705.02,0.0,14.0,18.0,31.0,2049.280237464869,0.4034598409101009,8.54106302857797,0.3117003954408002,0.16515468713654338,0.14421958595022097,0.5136078157711096,0.9133674895202608
96,Census Tract 706,0.505,190313.0,1189900.0,25,025,070600,Census Tract 706,0.0,14.0,16.0,25.0,6811.098869224312,0.413691676632441,9.802905022533484,0.6738095238095239,0.28174603174603174,0.012698412698412698,0.047619047619047616,0.935720097640358
97,Census Tract 707,0.6123,84464.0,1148900.0,25,025,070700,Census Tract 707,0.0,6.0,74.0,37.0,2210.382814675375,0.3615821198037444,5.294520825269101,0.5534687619777693,0.2476044461479494,0.03372939823687236,0.08087389804522806,0.8998771498771498
99,Census Tract 708.02,0.6127,73587.0,834000.0,25,025,070802,Census Tract 708.02,0.0,8.0,27.0,42.0,4565.437247141564,0.4158116507143303,2.217088107671143,0.7079749804534793,0.5078186082877247,0.01563721657544957,0.1923377638780297,0.9265944645006017
100,Census Tract 709.01,0.5433,36051.0,679700.0,25,025,070901,Census Tract 709.01,0.0,6.0,2.0,1.0,3505.680530248476,0.46667261105532976,13.765754145699665,0.2777777777777778,0.17185185185185184,0.015555555555555555,0.12797619047619047,1.0
101,Census Tract 507,0.3715,61153.0,596200.0,25,025,050700,Census Tract 507,0.0,8.0,86.0,8.0,4927.373954660069,0.6659665675913322,4.380040265534943,0.204890237372836,0.29055862930572907,0.05033018026057469,0.13976764968722075,0.9331491712707183
102,Census Tract 709.02,0.5146,134825.0,915400.0,25,025,070902,Census Tract 709.02,0.0,6.0,5.0,18.0,4744.787364709649,0.4366522743445067,1.0835612636340208,0.6459489456159823,0.42563817980022195,0.010543840177580466,0.12874583795782463,0.9345182413470533
103,Census Tract 711.01,0.5217,75543.0,896000.0,25,025,071101,Census Tract 711.01,0.0,42.0,3.0,27.0,19272.16788632223,0.37233652846993587,3.455558819740428,0.5051319648093842,0.386119257086999,0.0469208211143695,0.17888416312234176,0.9085264900662252
104,Census Tract 712.01,0.6713,51140.0,842900.0,25,025,071201,Census Tract 712.01,0.0,20.0,24.0,13.0,70177.74009436164,0.3923536693451209,8.660202833633283,0.2917687408133268,0.20112689857912788,0.0698187163155316,0.3010242318261304,0.9913739987677141
105,Census Tract 801,0.5034,41836.0,651800.0,25,025,080100,Census Tract 801,2.0,44.0,16.0,9.0,9946.4636812621,0.40678565780665293,0.0,0.17,0.3439285714285714,0.030714285714285715,0.26981782373215163,0.910371318822023
106,Census Tract 803,0.5498,40063.0,345000.0,25,025,080300,Census Tract 803,0.0,14.0,5.0,3.0,5959.828173269231,0.41666682303392255,0.9932644916645191,0.3195454545454545,0.4627272727272727,0.053636363636363635,0.28884826325411334,0.9475277497477296
107,Census Tract 804.01,0.5106,21250.0,536000.0,25,025,080401,Census Tract 804.01,0.0,42.0,5.0,9.0,50592.45923419989,0.5245773731548666,5.280995326690263,0.11427590940288264,0.2083047357584077,0.04838709677419355,0.47940463828314295,0.8830486202365309
109,Census Tract 806.01,0.6074,14255.0,312500.0,25,025,080601,Census Tract 806.01,0.0,42.0,64.0,11.0,29645.268630178205,0.36397127252577455,4.103715577642134,0.06345957011258956,0.372057318321392,0.13382804503582396,0.48299319727891155,0.8715995647442872
111,Census Tract 809,0.4089,62315.0,550800.0,25,025,080900,Census Tract 809,0.0,18.0,30.0,17.0,4133.040221941239,0.4085670187217369,8.561061424589193,0.42773892773892774,0.7258158508158508,0.02768065268065268,0.30544177881802226,0.9261083743842364
113,Census Tract 811.01,0.4002,75291.0,377000.0,25,025,081101,Census Tract 811.01,0.0,14.0,6.0,9.0,1713.8659172544585,0.4015039144671192,7.663883461904161,0.6531275385865151,0.5670186839967506,0.016246953696181964,0.1471698113207547,0.8795518207282913
114,Census Tract 811.02,0.5115,64841.0,563700.0,25,025,081102,Census Tract 811.02,0.0,16.0,9.0,7.0,17876.61248467332,0.37720676486633936,1.3714453198572834,0.35617367706919945,0.4966078697421981,0.028833107191316147,0.34329971181556196,0.9291044776119403
115,Census Tract 812,0.5575,33393.0,618100.0,25,025,081200,Census Tract 812,0.0,12.0,19.0,11.0,52137.91887393559,0.49094468649269724,4.8359564937916275,0.1921441080810608,0.31098323742807105,0.08831623717788341,0.37302977232924694,0.9615384615384616
118,Census Tract 814,0.5703,49556.0,558900.0,25,025,081400,Census Tract 814,0.0,42.0,7.0,111.0,4735.637883232404,0.3876829997136183,8.315585730159286,0.332665999332666,0.3793793793793794,0.05305305305305305,0.20653987320653988,0.8810356892932121
119,Census Tract 815,0.4726,48155.0,414800.0,25,025,081500,Census Tract 815,0.0,14.0,0.0,17.0,7207.7993415307565,0.41893840120968945,4.681880712623874,0.23185960175497805,0.35167060411744855,0.0590617617279784,0.3527397260273973,0.9485500467726847
120,Census Tract 817,0.5062,29032.0,658100.0,25,025,081700,Census Tract 817,0.0,44.0,13.0,12.0,19418.940926811127,0.42550103746388074,1.532753327238649,0.16186880604058518,0.2524775837659273,0.04459650778669184,0.2574351653580776,0.9703808180535967
121,Census Tract 818,0.551,31250.0,412800.0,25,025,081800,Census Tract 818,0.0,24.0,0.0,28.0,6000.438466141209,0.4461191164163357,1.0500663250363695,0.08713692946058091,0.2007660389403128,0.05872965209064794,0.29300629764666886,0.8956294846705806
123,Census Tract 820,0.4876,65369.0,559400.0,25,025,082000,Census Tract 820,0.0,34.0,2.0,2.0,28578.90761392704,0.46552250141556406,1.6041221540381985,0.21089536138079829,0.2518878101402373,0.055825242718446605,0.25539374325782094,0.8973463687150838
124,Census Tract 821,0.5328,24573.0,641600.0,25,025,082100,Census Tract 821,0.0,22.0,2.0,2.0,15828.055420016513,0.47241374734534286,0.0,0.11845018450184502,0.296309963099631,0.033763837638376384,0.20645756457564576,0.9294763513513513
125,Census Tract 901,0.4925,33069.0,490600.0,25,025,090100,Census Tract 901,0.0,26.0,1.0,15.0,4937.7070798781215,0.4903536321054924,2.3256261260789515,0.0888468809073724,0.2665406427221172,0.05141776937618148,0.28790170132325144,0.9120728929384966
126,Census Tract 902,0.4969,28462.0,616400.0,25,025,090200,Census Tract 902,0.0,32.0,7.0,8.0,6618.013223235982,0.5060528151513782,1.8895352937845427,0.09000414765657404,0.24637080049771878,0.04355039402737453,0.53836582330983,0.9147869674185464
127,Census Tract 903,0.5024,32247.0,483700.0,25,025,090300,Census Tract 903,0.0,18.0,4.0,2.0,13348.258001482121,0.5349085104182404,0.0,0.085965483555845,0.2732009117551286,0.041028980788016936,0.27580592640833607,0.890894819466248
128,Census Tract 904,0.4919,47955.0,398300.0,25,025,090400,Census Tract 904,0.0,10.0,4.0,8.0,33506.1338926318,0.48785204234972823,4.279890021479313,0.10532276330690826,0.19932049830124576,0.06840317100792752,0.22695356738391845,0.9101639344262296
129,Census Tract 906,0.4994,44667.0,455600.0,25,025,090600,Census Tract 906,0.0,12.0,1.0,18.0,4425.980302457279,0.41159763689641027,0.6399707161817362,0.10315949752569471,0.2805481537875904,0.0791777693186144,0.198000768935025,0.908315565031983
130,Census Tract 907,0.446,87368.0,628800.0,25,025,090700,Census Tract 907,2.0,70.0,63.0,92.0,15169.937176840807,0.4223518281218189,10.413953857424083,0.4263183834401183,0.39576145884672254,0.023164120256283883,0.14070970921636275,0.8434108527131783
132,Census Tract 910.01,0.3876,104821.0,546300.0,25,025,091001,Census Tract 910.01,0.0,22.0,17.0,20.0,11375.382555336206,0.3682433646834462,5.57654171196624,0.46825396825396826,0.3344155844155844,0.04184704184704185,0.04184704184704185,0.8436137071651091
133,Census Tract 911,0.4431,89267.0,568300.0,25,025,091100,Census Tract 911,0.0,12.0,11.0,47.0,14328.937877431998,0.3685781344901503,3.7602819436541712,0.4425065909551815,0.39991888055161223,0.032244980734131005,0.09754613668627053,0.9168612797758057
134,Census Tract 912,0.4561,101773.0,621400.0,25,025,091200,Census Tract 912,0.0,8.0,14.0,20.0,16580.67542230919,0.3744843956413059,5.1008161223677915,0.3315625,0.2709375,0.0403125,0.23328100470957613,0.9538816295157571
135,Census Tract 913,0.5167,43151.0,507700.0,25,025,091300,Census Tract 913,0.0,12.0,3.0,7.0,6702.796317472028,0.40452543805597896,1.513124526277352,0.11924610366074664,0.3106197897789054,0.03189561435302646,0.23051830373323667,0.9035369774919614
136,Census Tract 914,0.6011,45486.0,393700.0,25,025,091400,Census Tract 914,0.0,10.0,0.0,8.0,4481.888515594699,0.4738819431443002,0.5307757127332274,0.14294276296074318,0.2112676056338028,0.054240335630806116,0.19086263901412684,0.9322469982847341
137,Census Tract 915,0.6064,53380.0,596500.0,25,025,091500,Census Tract 915,0.0,34.0,2.0,15.0,35776.69045345379,0.4229149752369181,2.649996732514992,0.16498316498316498,0.26704545454545453,0.08333333333333333,0.2779882154882155,0.8940066592674806
138,Census Tract 916,0.4359,61299.0,389200.0,25,025,091600,Census Tract 916,0.0,16.0,0.0,17.0,8643.855424272133,0.34749099895236696,0.0,0.15368346845259076,0.22065562213605922,0.02855128657032076,0.20655622136059218,0.8792517006802721
139,Census Tract 917,0.4325,54564.0,503000.0,25,025,091700,Census Tract 917,0.0,14.0,1.0,6.0,2708.56586185749,0.45407230865900877,3.478819129239467,0.1438278595696489,0.2655719139297848,0.05492638731596829,0.1977707916547585,0.8756708407871199
140,Census Tract 918,0.5099,35997.0,413000.0,25,025,091800,Census Tract 918,0.0,20.0,0.0,14.0,1686.5280039131565,0.40653632656284755,1.0458634733659655,0.051926298157453935,0.21915131211613623,0.0664433277498604,0.30760595004209934,0.9381898454746137
141,Census Tract 919,0.4941,51534.0,450000.0,25,025,091900,Census Tract 919,0.0,22.0,0.0,7.0,17937.325312979545,0.46558305904313046,3.3379679191998215,0.11057375247307101,0.2851176082655529,0.045944163552429106,0.24143302180685358,0.8702633269107257
142,Census Tract 920,0.4631,57000.0,444400.0,25,025,092000,Census Tract 920,0.0,16.0,0.0,11.0,17390.179890894495,0.39334998896888085,3.5921184599117413,0.17688919010504914,0.26516435106743474,0.061504574720433754,0.1772087502119722,0.9327024185068349
143,Census Tract 921.01,0.4824,55769.0,569000.0,25,025,092101,Census Tract 921.01,0.0,48.0,21.0,11.0,4981.213206723605,0.35597452367352955,4.580588675151909,0.20324047754405913,0.2947697555429221,0.03595793064241046,0.1613136574074074,0.9195594125500668
144,Census Tract 922,0.432,80375.0,608400.0,25,025,092200,Census Tract 922,0.0,22.0,11.0,18.0,1839.4451775474977,0.36701567558974063,2.07233074761631,0.24095347501435957,0.1530729465824239,0.021826536473291212,0.08440797186400938,0.9615713065755764
145,Census Tract 923,0.421,72171.0,432400.0,25,025,092300,Census Tract 923,0.0,14.0,2.0,5.0,5866.940929238621,0.4537087253007135,3.2477438960007303,0.11126720989041866,0.23855015453779152,0.039617870188255126,0.13049645390070921,0.911965811965812
146,Census Tract 924,0.5101,31909.0,602800.0,25,025,092400,Census Tract 924,0.0,24.0,4.0,9.0,7900.048539130908,0.5145724733795394,0.0,0.07262482391610581,0.25356080763812805,0.030364689309751135,0.3579589920175301,0.9238556338028169
147,Census Tract 1001,0.5083,31071.0,310300.0,25,025,100100,Census Tract 1001,0.0,38.0,8.0,0.0,11338.383865993133,0.4803717402186096,5.609666248336496,0.10279043280182232,0.3001138952164009,0.05808656036446469,0.2490238611713666,0.9304386353566682
148,Census Tract 1002,0.3969,61221.0,464700.0,25,025,100200,Census Tract 1002,0.0,14.0,0.0,1.0,2673.6857085309707,0.4796687518536422,0.0,0.10177108115252445,0.23473433782712133,0.06238435104414486,0.19898504273504272,0.9401408450704225
149,Census Tract 1003,0.4938,68209.0,426200.0,25,025,100300,Census Tract 1003,0.0,28.0,2.0,3.0,3656.735324198937,0.458760809484755,0.0,0.10023419203747072,0.2433255269320843,0.04613583138173302,0.1739952718676123,0.9689754689754689
150,Census Tract 1004,0.4822,89556.0,453100.0,25,025,100400,Census Tract 1004,0.0,42.0,4.0,16.0,14390.870648924893,0.41902436047316266,1.4118211946933696,0.22111245049078698,0.1918374375753401,0.04442913724814879,0.30068217596641594,0.937439379243453
151,Census Tract 1005,0.5587,39466.0,430200.0,25,025,100500,Census Tract 1005,0.0,64.0,7.0,43.0,20446.28908659212,0.3755839642404964,4.302548600201796,0.2497836746466686,0.25021632535333144,0.04441880588404961,0.2821465735097369,0.9353306540007307
152,Census Tract 1006.01,0.3625,92714.0,416200.0,25,025,100601,Census Tract 1006.01,0.0,22.0,4.0,11.0,3867.9036255961864,0.33984857788563183,11.187866498303633,0.3496982547708367,0.36437775240580655,0.04518023160985157,0.09549727857496289,0.9308652988403211
153,Census Tract 1006.03,0.3387,92411.0,584000.0,25,025,100603,Census Tract 1006.03,5.0,14.0,27.0,5.0,4754.064131602622,0.4289558270775094,2.7505785923017454,0.39590443686006827,0.36713798147245247,0.03169185763042418,0.04583130180399805,0.9374313940724479
154,Census Tract 1007,0.4883,113603.0,577700.0,25,025,100700,Census Tract 1007,0.0,46.0,29.0,5.0,32750.874119944605,0.4444336693129216,7.329018639165134,0.2894792325532363,0.17436221800548177,0.03373392367699768,0.07084123972169513,0.8888888888888888
155,Census Tract 1008,0.447,82054.0,505900.0,25,025,100800,Census Tract 1008,0.0,74.0,19.0,10.0,22456.98875101281,0.39275485667409704,5.302368541416201,0.3568352209283777,0.24788642526718774,0.024405806348699953,0.09937789121071941,0.9704182250935056
156,Census Tract 1009,0.4208,93359.0,457100.0,25,025,100900,Census Tract 1009,0.0,70.0,3.0,16.0,10855.339644443113,0.366616565559527,2.704379553809687,0.2344049393229721,0.2005535448158399,0.03576751117734724,0.06659528907922913,0.918547055586131
157,Census Tract 1010.01,0.5809,75168.0,420300.0,25,025,101001,Census Tract 1010.01,0.0,46.0,14.0,9.0,7126.058156006953,0.4827734519631164,0.8338667226738645,0.12272660062102617,0.2154369362708857,0.05411799497264527,0.1319910514541387,0.8693486590038314
158,Census Tract 1010.02,0.4588,44886.0,359900.0,25,025,101002,Census Tract 1010.02,0.0,24.0,4.0,14.0,24554.905799820695,0.4551452443537411,3.1228479114845658,0.11147380447200914,0.23045536151460747,0.06463195691202872,0.23451473998012587,0.9872773536895675
159,Census Tract 1011.01,0.4237,50473.0,415500.0,25,025,101101,Census Tract 1011.01,0.0,12.0,0.0,4.0,15900.102877412797,0.46782584790597614,0.0,0.15503875968992248,0.23496391339214115,0.07056936647955092,0.136327185244587,0.9195402298850575
160,Census Tract 1011.02,0.4564,48859.0,433300.0,25,025,101102,Census Tract 1011.02,0.0,20.0,5.0,2.0,18703.75575266478,0.48754814264465784,1.4294801138645452,0.10241635687732342,0.22323420074349443,0.070817843866171,0.22230483271375465,0.9078125
161,Census Tract 1101.04,0.4613,47324.0,628800.0,25,025,110104,Census Tract 1101.04,0.0,18.0,5.0,7.0,1612.733305977113,0.4309804449295212,0.0,0.17125803489439853,0.16942148760330578,0.0780532598714417,0.0743801652892562,0.8650568181818182
162,Census Tract 1101.05,0.3294,109412.0,550600.0,25,025,110105,Census Tract 1101.05,0.0,14.0,40.0,14.0,2832.557217896483,0.38873473020031596,9.068168109069376,0.6874573960463531,0.4938650306748466,0.015678254942058625,0.08384458077709611,1.0
163,Census Tract 1101.06,0.3782,83717.0,640800.0,25,025,110106,Census Tract 1101.06,0.0,12.0,5.0,4.0,23970.328284703148,0.40751289767841786,4.812069420792324,0.4365207995678012,0.24203133441383037,0.03727714748784441,0.06699081577525662,1.0
164,Census Tract 1102.01,0.4733,55240.0,417300.0,25,025,110201,Census Tract 1102.01,0.0,24.0,5.0,7.0,1059.5686659853845,0.4568782105879467,3.6354500872138864,0.16443949517446177,0.18151447661469933,0.060133630289532294,0.12435040831477358,0.9536354056902002
165,Census Tract 1103.01,0.4303,71641.0,436600.0,25,025,110301,Census Tract 1103.01,0.0,26.0,7.0,10.0,1936.1165876041514,0.4017281353525895,3.057478965961732,0.3132048017460895,0.20407420880320115,0.031647871953437615,0.08363903154805576,0.9472196041470311
166,Census Tract 1104.01,0.4817,73059.0,445700.0,25,025,110401,Census Tract 1104.01,0.0,18.0,4.0,6.0,23872.205378487666,0.43666349902675716,11.073667762441621,0.34496030791436133,0.23646860716863122,0.023334135193649266,0.18643252345441425,0.9783180026281209
167,Census Tract 1104.03,0.4213,108194.0,509200.0,25,025,110403,Census Tract 1104.03,0.0,32.0,1.0,8.0,3658.2089272619824,0.42929101466982333,14.02416562084124,0.3931351027738974,0.16942726002793854,0.013370584713630014,0.06405907004589902,0.9831632653061224
168,Census Tract 1105.01,0.4197,103994.0,542400.0,25,025,110501,Census Tract 1105.01,0.0,10.0,0.0,5.0,1996.6606467307859,0.4583369834687539,15.699642749804834,0.46327047565437657,0.2313537855333521,0.016887137630171686,0.06839290740219532,0.9844082211197732
169,Census Tract 1105.02,0.3828,101402.0,471200.0,25,025,110502,Census Tract 1105.02,0.0,36.0,3.0,9.0,28324.739411135895,0.43692026723303506,7.563141671255654,0.4069319640564827,0.23256311510483527,0.007274283269148481,0.05055938037865749,0.9495217853347503
170,Census Tract 1106.01,0.4213,110163.0,618100.0,25,025,110601,Census Tract 1106.01,0.0,42.0,0.0,3.0,20317.2456012025,0.4619777057830155,2.6738598533309745,0.5227062094531975,0.09607661414890331,0.012666048810627124,0.033388429752066115,0.9767282683093771
171,Census Tract 1106.07,0.3034,116838.0,554500.0,25,025,110607,Census Tract 1106.07,0.0,70.0,5.0,15.0,15787.21725581475,0.47222989346578786,6.277113449016302,0.541029466616934,0.25531518090264826,0.023125699365908244,0.016240839770251536,0.9293351929335193
172,Census Tract 1201.03,0.3908,188462.0,876000.0,25,025,120103,Census Tract 1201.03,0.0,10.0,53.0,12.0,1805.5186678879425,0.4574953435707777,6.903230268909715,0.6967488789237668,0.16704035874439463,0.01233183856502242,0.008968609865470852,0.9932885906040269
173,Census Tract 1201.04,0.4174,106929.0,583900.0,25,025,120104,Census Tract 1201.04,0.0,12.0,3.0,13.0,1792.369808742876,0.4504402873675119,9.731477424662504,0.5936599423631124,0.28200905722519554,0.022231370934540962,0.07451626183614657,0.9563279857397504
174,Census Tract 1201.05,0.4261,156875.0,859200.0,25,025,120105,Census Tract 1201.05,0.0,14.0,4.0,8.0,2100.07993885304,0.4274311699142371,10.882050976210238,0.5635294117647058,0.12196078431372549,0.02862745098039216,0.08940852819807428,0.9684106614017769
175,Census Tract 1202.01,0.54,91646.0,504300.0,25,025,120201,Census Tract 1202.01,0.0,24.0,41.0,12.0,5149.214832354849,0.391073752358644,8.064910508363498,0.5462544589774079,0.4090368608799049,0.023067776456599288,0.1248513674197384,0.9530583214793741
176,Census Tract 1203.01,0.3927,102835.0,570900.0,25,025,120301,Census Tract 1203.01,0.0,22.0,25.0,25.0,10536.71400521018,0.41111092631625373,10.796948831131079,0.4906832298136646,0.34413819875776397,0.025427018633540372,0.15055499495459132,0.9680601221230625
177,Census Tract 1204,0.4304,113065.0,676100.0,25,025,120400,Census Tract 1204,0.0,26.0,109.0,42.0,25363.074081300685,0.424419337847206,6.094333079109458,0.6578906851424172,0.292378752886836,0.024942263279445726,0.056847133757961785,0.985545335085414
179,Census Tract 1206,0.37,122071.0,687500.0,25,025,120600,Census Tract 1206,0.0,6.0,13.0,18.0,7157.342087646793,0.42343251873307886,8.83603498654159,0.6347305389221557,0.4438622754491018,0.008607784431137725,0.023952095808383235,0.9810017271157168
180,Census Tract 1207,0.368,101944.0,553500.0,25,025,120700,Census Tract 1207,0.0,16.0,9.0,9.0,25324.9556107587,0.4108040739203502,0.6005948658933266,0.5886556498436802,0.3363108530594015,0.014292094685127288,0.05493523894595802,0.938894277400582
181,Census Tract 1301.01,0.3155,130881.0,544500.0,25,025,130101,Census Tract 1301.01,0.0,82.0,12.0,10.0,23495.894997843377,0.42503672342075327,1.4795141818347801,0.5028215028215028,0.20775170775170776,0.031482031482031485,0.034523987445822746,0.9254473161033797
182,Census Tract 1302,0.4017,126659.0,617200.0,25,025,130200,Census Tract 1302,0.0,50.0,8.0,3.0,44174.940522600285,0.46604548629070197,4.907831023370881,0.5347648261758691,0.1719836400817996,0.025971370143149285,0.06979642708766098,0.9703703703703703
183,Census Tract 1303,0.416,132344.0,661500.0,25,025,130300,Census Tract 1303,0.0,48.0,9.0,5.0,8991.424702916453,0.4747270359497743,5.206335016618919,0.5429599640125956,0.18443544759334232,0.049257759784075573,0.021592442645074223,0.9244372990353698
184,Census Tract 1304.02,0.465,98102.0,542100.0,25,025,130402,Census Tract 1304.02,0.0,62.0,14.0,15.0,16127.582349584396,0.40967338774879464,2.6588639335415274,0.42844491675522495,0.2038611406305349,0.025150549061282324,0.03365214311016649,1.0
185,Census Tract 1304.04,0.438,77841.0,441900.0,25,025,130404,Census Tract 1304.04,0.0,52.0,23.0,7.0,4802.8309964127575,0.38517366806426906,1.6788951704247062,0.312021312021312,0.20013320013320013,0.02197802197802198,0.08524477918521055,0.9603746397694525
186,Census Tract 1304.06,0.4203,49488.0,494700.0,25,025,130406,Census Tract 1304.06,0.0,32.0,1.0,3.0,13833.03448065067,0.3927100498246621,1.0466511829316638,0.20588718960697253,0.17776681466864003,0.019898043085018913,0.1715280079549221,0.9590927501012556
187,Census Tract 1401.02,0.3951,102924.0,426600.0,25,025,140102,Census Tract 1401.02,0.0,100.0,7.0,1.0,54147.49730967698,0.39517630187613834,5.340367127753181,0.2303592917311329,0.20405707409317517,0.054495444387141136,0.07099879663056559,0.9757255936675462
188,Census Tract 1401.05,0.4271,86543.0,410000.0,25,025,140105,Census Tract 1401.05,0.0,40.0,5.0,3.0,27580.704562749743,0.43590130460533816,7.450143810096874,0.22254641909814324,0.17984084880636605,0.015649867374005304,0.09681697612732096,0.9627465303140978
189,Census Tract 1401.06,0.5451,38939.0,548800.0,25,025,140106,Census Tract 1401.06,0.0,6.0,2.0,1.0,3892.9435486682314,0.42800159358357104,2.400681668899403,0.14340918849291542,0.21768999570631173,0.036066981537140406,0.231859167024474,0.9228039041703638
190,Census Tract 1401.07,0.4125,78098.0,400000.0,25,025,140107,Census Tract 1401.07,0.0,32.0,0.0,4.0,8654.77194007512,0.4180971265290676,1.6094273032972153,0.26324135743736127,0.1649222962258167,0.029495718363463368,0.09438775510204081,0.9476394849785408
191,Census Tract 1402.01,0.3281,93500.0,489600.0,25,025,140201,Census Tract 1402.01,0.0,22.0,13.0,7.0,1051.1655676996575,0.3854705082572034,10.875404434157279,0.22297538351765964,0.2033535497681056,0.019265073135925792,0.07313592579379237,0.9481915933528837
192,Census Tract 1402.02,0.5171,86553.0,471500.0,25,025,140202,Census Tract 1402.02,0.0,56.0,2.0,14.0,25474.87668798734,0.44103523192099514,0.4716696142033679,0.22581611260856543,0.2168313866427074,0.04043126684636118,0.1091703056768559,0.9818264425261245
193,Census Tract 1403,0.3889,68472.0,422200.0,25,025,140300,Census Tract 1403,0.0,64.0,17.0,13.0,23265.667095602974,0.4421594959122778,2.4593862812225193,0.2201676200611946,0.262072635359851,0.11932951975522149,0.1661975606487066,0.9651567944250871
194,Census Tract 1404,0.4596,62910.0,381900.0,25,025,140400,Census Tract 1404,0.0,52.0,1.0,8.0,15149.810908105992,0.45806844787900797,0.0,0.19166406818418044,0.19997921214011016,0.038145722897827666,0.15546218487394958,0.9750788643533123
